[
  {
    "n": "Aisyah",
    "g": "F",
    "o": "Arabic",
    "len": 6,
    "style": "classic",
    "themes": [
      "mulia"
    ],
    "malay": true,
    "mean_ms": "Hidup, isteri Nabi",
    "mean_en": "Alive; wife of the Prophet",
    "aka": [
      "Aisha",
      "Ayesha"
    ],
    "src": [
      "seed"
    ]
  },
  {
    "n": "Muhammad",
    "g": "M",
    "o": "Arabic",
    "len": 8,
    "style": "classic",
    "themes": [
      "suci",
      "mulia"
    ],
    "malay": true,
    "mean_ms": "Yang terpuji",
    "mean_en": "The Praised",
    "aka": [
      "Mohammad",
      "Muhammed"
    ],
    "src": [
      "seed"
    ]
  },
  {
    "n": "Nur",
    "g": "F",
    "o": "Arabic",
    "len": 3,
    "style": "classic",
    "themes": [
      "suci"
    ],
    "malay": true,
    "mean_ms": "Cahaya",
    "mean_en": "Light",
    "aka": [
      "Noor",
      "Nour"
    ],
    "src": [
      "seed"
    ]
  }
]